ID,Name,Bio,Tags,ExternalLinks,PhotoURLs
1,Huu Rock,,"['teacher', 'house', 'breaking']",,
2,Cebo,,"['teacher', 'house', 'hip hop']",,
3,Ejoe,,"['house', 'teacher', 'OG']",,
4,Brooklyn Terry,,[''],,
5,DJ Spinna,,"['DJ', 'house']",,
6,Tony McGregor,,"['OG', 'house']",,
7,Danny Krivit,,['DJ'],,
8,Toribio,,['DJ'],,
9,Donis,,"['DJ', 'house']",,
10,musclecars,,"['DJ', 'house']",,
11,Jack Mulqueen,,"['DJ', 'house']",,
12,Amy Jor,,"['DJ', 'house']",,
13,Ian Friday,,"['DJ', 'house']",,
14,Timmy Regisford,,"['DJ', 'house']",,
15,Jadalareign,,"['DJ', 'house']",,
16,Tom Peters,,"['DJ', 'house']",,
17,Kilopatrah Jones,,"['DJ', 'house']",,
18,tINI,,['DJ'],,
19,LYDO,,['DH'],,
20,Kiernan Laveaux,,['DJ'],,
21,Louie Vega,,"['DJ', 'house']",,
22,Joe Kay,,"['DJ', 'house']",,
23,Gia Fu,,"['DJ', 'house']",,
24,Jek G,,"['DJ', 'house']",,
25,Ejoe Wilson,,"['DJ', 'dancer', 'OG', 'house']",,
26,Slokey,,"['DJ', 'house']",,
27,Zak Zodiak,,"['DJ', 'house']",,
28,Cindee Jay,,"['DJ', 'house']",,
29,Shan S,,"['DJ', 'OG', 'dancer', 'house']",,
30,Ryan Elliot,,['DJ'],,
31,Mike Servito,,['DJ'],,
32,Jacky Sommer,,['DJ'],,
33,Saint James Joy,,['DJ'],,
34,DJ Coco,,"['DJ', 'house']",,
35,Liam Palmer,,['DJ'],,
36,Elliot Schooling,,['DJ'],,
37,Pablo Romero,,['Dj'],,
38,Simas,,['DJ'],,
39,Heidy P,,['DJ'],,
40,Concret,,['DJ'],,
41,Kevryn Mark,,['DJ'],,
42,Joe Claussell,,['DJ'],,
43,Francois K,,['DJ'],,
44,Theo Parrish,,['DJ'],,
45,Ali Coleman,,['DJ'],,
46,Miss Alicia,,['DJ'],,
47,Jeremy Giros,,['DJ'],,
48,Bendito,,['DJ'],,
49,Carl Craig,,['DJ'],,
50,Octave One,,['DJ'],,
51,Miss Gypsy,,['DJ'],,
52,Vanjee,,['DJ'],,
53,Bradford James,,['DJ'],,
54,Silent H,,['DJ'],,
55,Dsol,,['DJ'],,
56,St James Joy,,['DJ'],,
57,Tortured Soul,,"['Collective', 'Band']",,
58,DJ Dommis,,['DJ'],,
59,Moodyman,,['DJ'],,
60,Felix da Housecat,,['DJ'],,
61,JADALAREIGN,,['DJ'],,
62,Karizma,,['DJ'],,
63,Ge-ology,,"['DJ', 'vinyl']",,
64,Sabine Blazin,,['DJ'],,
65,Ron Trent,,['DJ'],,
66,LADYMONIX,,['DJ'],,
67,Jihad Muhammad,,['DJ'],,
68,Honeybun,,['DJ'],,
69,Lovie,,['DJ'],,
70,Sevyn,,['DJ'],,
71,Varsha,,['DJ'],,
72,Kpakpo,,['DJ'],,
73,Blvck Truffle,,['DJ'],,
74,Eco,,['DJ'],,
75,Tony Humphries,,['DJ'],,
76,Omer Mil,,['DJ'],,
77,Nickodemus,,['DJ'],,
78,Captain Planet,,['DJ'],,
79,Kervyn Mark,,['DJ'],,
80,Kai Alce,,['DJ'],,
81,Derrick Munoz,,['DJ'],,
82,Kim Anh,,['DJ'],,
83,Cosmo,,['DJ'],,
84,David Morales,,['DJ'],,
85,Chez Damier,,['DJ'],,
86,Anane,,['DJ'],,
87,DJ Qu,,['DJ'],,
88,DJ Hyperactive,,['DJ'],,
89,Dan Ghenacia,,['DJ'],,
90,Niyah West,,['DJ'],,
91,Soul Clap,,['DJ'],,
92,DJ Sneak,,['DJ'],,
93,Shvili,,['DJ'],,
94,Marcellus Pittman,,['DJ'],,
95,Daniel Bell,,['DJ'],,
96,Honeyluv,,['DJ'],,
97,Acemo,,['DJ'],,
98,Byron the Aquarius,,['DJ'],,
99,Soul Summit,,['Party'],,
100,Omeril Mil,,[''],,
